{
    "login_report_date": "2022/02/15",
    "device_name": "toronto",
    "user_list": [
        {
            "username": "aw123",
            "name": "Anna Wilson",
            "group": "Student",
            "login": [
                {
                    "login_time": "2022/01/30 04:50:50",
                    "status": "success"
                },
                {
                    "login_time": "2022/02/01 01:30:56",
                    "status": "success"
                },
                {
                    "login_time": "2022/02/01 02:00:10",
                    "status": "fail"
                }
            ]
        },
        {
            "username": "jasonm",
            "name": "Jason Miles",
            "group": "Staff",
            "login": [
                {
                    "login_time": "2022/01/29 15:04:22",
                    "status": "fail"
                },
                {
                    "login_time": "2022/02/01 14:55:04",
                    "status": "success"
                }
            ]
        },
        {
            "username": "vbn267",
            "name": "Van Binh Nguyen",
            "group": "Student",
            "login": [
                {
                    "login_time": "2024/10/29 17:29:03",
                    "status": "fail"
                },
                {
                    "login_time": "2024/11/17 17:11:03",
                    "status": "success"
                }
            ]
        },
        {
            "username": "jessica",
            "name": "Jessica Tran",
            "group": "Student",
            "login": [
                {
                    "login_time": "2024/11/17 17:11:03",
                    "status": "success"
                },
                {
                    "login_time": "2024/11/17 17:11:03",
                    "status": "success"
                }
            ]
        }
    ]
}
